Entry Time,SHED2 Set Temp.,Shed2 Temp.,PID SHED2,SHED3 Set Temp.,SHED3 Temp.,PID SHED3,P1,P2,P3,P4,P5,P6,P7,P8,F1,F2,F3,F4,F5,F6,F7,F8,T1,T2,T3,T4,T5,T6,T7,T8,V1,V2,V3,V4,V5,V6,V7,V8,Req. for Exhaust Fan,Exhaust Fan Feedback
11/Aug/2020_15:55,43,43.52,10,43,43.1,10,0,0,0,0,0,0,0,0,0.0,0.0,0.0,0.0,0.0,0.0,0.0,0.0,20.336683815605316,55.33880219410657,47.053609644791976,13.181153297955822,22.144785874258694,52.402500350535064,30.23371632027867,47.67646117833762,0,0,0,0,0,5.0,5.0,0,,
